{
	"format_version": "1.8.0",
	"animations": {
		"allay_sp_digging": {
			"loop": true,
			"animation_length": 0.4583,
			"bones": {
				"head": {
					"position": {
						"0.0": {
							"vector": [0, 0, 0]
						},
						"0.2917": {
							"vector": [0, 0, 0]
						},
						"0.4167": {
							"vector": [0, 0, 0]
						}
					}
				},
				"torso": {
					"rotation": {
						"0.0": {
							"vector": [5, 0, 0]
						},
						"0.2917": {
							"vector": [5, 0, 0]
						},
						"0.4167": {
							"vector": [5, 0, 0]
						}
					}
				},
				"rightArm": {
					"rotation": {
						"0.0": {
							"vector": [-22.95414, -4.8903, -23.39771]
						},
						"0.0833": {
							"vector": [-124.56441, -44.98155, -34.01262]
						},
						"0.2917": {
							"vector": [-2.98048, 3.29841, -0.01387]
						},
						"0.4167": {
							"vector": [-22.95414, -4.8903, -23.39771]
						}
					},
					"position": {
						"0.0": {
							"vector": [1, 0, -1]
						},
						"0.0833": {
							"vector": [1, 0, -3]
						},
						"0.2917": {
							"vector": [1, 0, 0]
						},
						"0.4167": {
							"vector": [1, 0, -1]
						}
					}
				},
				"leftArm": {
					"rotation": {
						"0.0": {
							"vector": [-18.79412, 2.21115, 24.42124]
						},
						"0.0833": {
							"vector": [-118.68946, 50.3971, 8.92229]
						},
						"0.2917": {
							"vector": [-5.96427, 0.81865, 36.8481]
						},
						"0.4167": {
							"vector": [-18.79412, 2.21115, 24.42124]
						}
					},
					"position": {
						"0.0": {
							"vector": [-1, 0, -1]
						},
						"0.2917": {
							"vector": [-2, 0, -1]
						},
						"0.4167": {
							"vector": [-1, 0, -1]
						}
					}
				}
			}
		}
	},
	"azurelib_format_version": 2
}