{
	"format_version": "1.8.0",
	"animations": {
		"bat_3_jump": {
			"animation_length": 0.4167,
			"bones": {
				"torso": {
					"rotation": {
						"0.0": {
							"vector": [45, 0, 0]
						},
						"0.2083": {
							"vector": [0, 0, 0]
						},
						"0.375": {
							"vector": [5, 0, 0]
						}
					},
					"position": {
						"0.0": {
							"vector": [0, -8, 0]
						},
						"0.2083": {
							"vector": [0, 0, 0]
						}
					}
				},
				"rightArm": {
					"rotation": {
						"0.0": {
							"vector": [12.54314, 18.6194, -7.38837]
						},
						"0.0833": {
							"vector": [0, 0, 0]
						},
						"0.125": {
							"vector": [0, -35, 72.5]
						},
						"0.25": {
							"vector": [-32.45617, 38.66902, -30.90691]
						},
						"0.375": {
							"vector": [-32.45617, 38.66902, -30.90691]
						}
					},
					"position": {
						"0.0": {
							"vector": [1, -10, 0]
						},
						"0.0833": {
							"vector": [0, 0, 0]
						}
					}
				},
				"leftArm": {
					"rotation": {
						"0.0": {
							"vector": [12.54314, -18.6194, 7.38837]
						},
						"0.0833": {
							"vector": [0, 0, 0]
						},
						"0.125": {
							"vector": [0, 35, -72.5]
						},
						"0.25": {
							"vector": [-32.45617, -38.66902, 30.90691]
						},
						"0.375": {
							"vector": [-32.45617, -38.66902, 30.90691]
						}
					},
					"position": {
						"0.0": {
							"vector": [-1, -10, 0]
						},
						"0.0833": {
							"vector": [0, 0, 0]
						}
					}
				},
				"rightLeg": {
					"rotation": {
						"0.0": {
							"vector": [0.33431, -4, 9]
						},
						"0.1667": {
							"vector": [0, 0, 0]
						}
					},
					"position": {
						"0.0": {
							"vector": [0, 0, 8]
						},
						"0.1667": {
							"vector": [0, 0, 0]
						}
					}
				},
				"leftLeg": {
					"rotation": {
						"0.0": {
							"vector": [0.33431, 4, -9]
						},
						"0.1667": {
							"vector": [0, 0, 0]
						}
					},
					"position": {
						"0.0": {
							"vector": [0, 0, 8]
						},
						"0.1667": {
							"vector": [0, 0, 0]
						}
					}
				},
				"body": {
					"rotation": {
						"vector": [0, 0, 0]
					},
					"position": {
						"vector": [0, 0, 0]
					}
				}
			}
		}
	},
	"azurelib_format_version": 2
}