{
	"format_version": "1.8.0",
	"animations": {
		"spider_3_sneak_walk": {
			"loop": true,
			"animation_length": 0.75,
			"bones": {
				"head": {
					"position": {
						"vector": [0, 0, 0]
					}
				},
				"torso": {
					"rotation": {
						"0.0": {
							"vector": [25.10912, 2.49762, 2.50238]
						},
						"0.375": {
							"vector": [25.21865, -4.99523, -2.50954]
						},
						"0.75": {
							"vector": [25.10912, 2.49762, 2.50238]
						}
					},
					"position": {
						"vector": [0, 2, 0]
					}
				},
				"rightArm": {
					"rotation": {
						"vector": [-23.66235, -8.31087, -18.25612]
					},
					"position": {
						"0.0": {
							"vector": [0, 1, 1]
						},
						"0.375": {
							"vector": [0, 0, 0]
						},
						"0.75": {
							"vector": [0, 1, 1]
						}
					}
				},
				"leftArm": {
					"rotation": {
						"vector": [-23.66235, 8.31087, 18.25612]
					},
					"position": {
						"0.0": {
							"vector": [0, 0, 0]
						},
						"0.375": {
							"vector": [0, 1, 1]
						},
						"0.75": {
							"vector": [0, 0, 0]
						}
					}
				},
				"rightLeg": {
					"rotation": {
						"0.0": {
							"vector": [-35, 0, 15]
						},
						"0.375": {
							"vector": [-15, 0, 15]
						},
						"0.5417": {
							"vector": [-19.83045, 1.29256, 14.94548]
						},
						"0.75": {
							"vector": [-35, 0, 15]
						}
					},
					"position": {
						"0.0": {
							"vector": [-0.21201, 1.20876, 4.42642]
						},
						"0.375": {
							"vector": [0.00201, 2.00124, 5.00358]
						},
						"0.5417": {
							"vector": [0.00201, 2.50124, 5.00358]
						},
						"0.75": {
							"vector": [-0.21201, 1.20876, 4.42642]
						}
					}
				},
				"leftLeg": {
					"rotation": {
						"0.0": {
							"vector": [-15, 0, -15]
						},
						"0.1667": {
							"vector": [-19.83045, -1.29256, -14.94548]
						},
						"0.375": {
							"vector": [-35, 0, -15]
						},
						"0.75": {
							"vector": [-15, 0, -15]
						}
					},
					"position": {
						"0.0": {
							"vector": [0, 2, 5]
						},
						"0.1667": {
							"vector": [0, 2.5, 5]
						},
						"0.375": {
							"vector": [0.21201, 1.20876, 4.42642]
						},
						"0.75": {
							"vector": [0, 2, 5]
						}
					}
				},
				"bipedLeftHindLeg": {
					"rotation": {
						"0.0": {
							"vector": [5, 0, -20]
						},
						"0.1667": {
							"vector": [-2.05239, -2.55868, -19.8423]
						},
						"0.375": {
							"vector": [25, 0, -20]
						},
						"0.75": {
							"vector": [5, 0, -20]
						}
					},
					"position": {
						"0.0": {
							"vector": [0, 3, 5]
						},
						"0.1667": {
							"vector": [0, 3.5, 5]
						},
						"0.375": {
							"vector": [0, 2, 5]
						},
						"0.75": {
							"vector": [0, 3, 5]
						}
					}
				},
				"bipedRightHindLeg": {
					"rotation": {
						"0.0": {
							"vector": [25, 0, 20]
						},
						"0.375": {
							"vector": [5, 0, 20]
						},
						"0.5417": {
							"vector": [-2.05239, 2.55868, 19.8423]
						},
						"0.75": {
							"vector": [25, 0, 20]
						}
					},
					"position": {
						"0.0": {
							"vector": [0, 2, 5]
						},
						"0.375": {
							"vector": [0.34072, 2.93612, 4.91284]
						},
						"0.5417": {
							"vector": [0.34072, 3.43612, 4.91284]
						},
						"0.75": {
							"vector": [0, 2, 5]
						}
					}
				},
				"body": {
					"position": {
						"vector": [0, -3, 0]
					}
				}
			}
		}
	}
}