{
	"format_version": "1.8.0",
	"animations": {
		"spider_3_run": {
			"loop": true,
			"animation_length": 0.8333,
			"bones": {
				"torso": {
					"rotation": {
						"0.0": {
							"vector": [-5, 0, 0]
						},
						"0.4583": {
							"vector": [10, 0, 0]
						},
						"0.8333": {
							"vector": [-5, 0, 0]
						}
					},
					"position": {
						"vector": [0, 0, 0]
					}
				},
				"rightArm": {
					"rotation": {
						"0.0": {
							"vector": [-46.15, 0, 0]
						},
						"0.1667": {
							"vector": [-50, 0, 0]
						},
						"0.4583": {
							"vector": [-37.5, 0, 0]
						},
						"0.8333": {
							"vector": [-46.15, 0, 0]
						}
					},
					"position": {
						"0.0": {
							"vector": [0, -1.30619, -0.11716]
						},
						"0.1667": {
							"vector": [0, -0.99619, -0.08716]
						},
						"0.4583": {
							"vector": [0, -1.99239, -0.17431]
						},
						"0.8333": {
							"vector": [0, -1.30619, -0.11716]
						}
					}
				},
				"leftArm": {
					"rotation": {
						"0.0": {
							"vector": [-50, 0, 0]
						},
						"0.2917": {
							"vector": [-37.5, 0, 0]
						},
						"0.8333": {
							"vector": [-50, 0, 0]
						}
					},
					"position": {
						"0.0": {
							"vector": [0, -0.99619, -0.08716]
						},
						"0.2917": {
							"vector": [0, -1.99239, -0.17431]
						},
						"0.8333": {
							"vector": [0, -0.99619, -0.08716]
						}
					}
				},
				"rightLeg": {
					"rotation": {
						"0.0": {
							"vector": [-21.5, 0, 0]
						},
						"0.1667": {
							"vector": [5, 0, 0]
						},
						"0.25": {
							"vector": [15, 0, 0]
						},
						"0.375": {
							"vector": [-30, 0, 0]
						},
						"0.5833": {
							"vector": [-47.5, 0, 0]
						},
						"0.8333": {
							"vector": [-21.5, 0, 0]
						}
					},
					"position": {
						"0.0": {
							"vector": [0, -0.67, -0.33]
						},
						"0.1667": {
							"vector": [0, -0.67, 0]
						},
						"0.25": {
							"vector": [0, 0, 0]
						},
						"0.4583": {
							"vector": [0, 1, 0]
						},
						"0.6667": {
							"vector": [0, 0.08716, -1.99619]
						},
						"0.8333": {
							"vector": [0, -0.67, -0.33]
						}
					}
				},
				"leftLeg": {
					"rotation": {
						"0.0": {
							"vector": [-47.5, 0, 0]
						},
						"0.25": {
							"vector": [0, 0, 0]
						},
						"0.375": {
							"vector": [15, 0, 0]
						},
						"0.5833": {
							"vector": [-30, 0, 0]
						},
						"0.8333": {
							"vector": [-47.5, 0, 0]
						}
					},
					"position": {
						"0.0": {
							"vector": [0, 0.08716, -1.99619]
						},
						"0.1667": {
							"vector": [0, -1, 0]
						},
						"0.375": {
							"vector": [0, 0, 0]
						},
						"0.5833": {
							"vector": [0, 1, 0]
						},
						"0.8333": {
							"vector": [0, 0.08716, -1.99619]
						}
					}
				},
				"bipedLeftHindLeg": {
					"rotation": {
						"0.0": {
							"vector": [10, 0, 0]
						},
						"0.1667": {
							"vector": [0, 0, 0]
						},
						"0.375": {
							"vector": [-32.5, 0, 0]
						},
						"0.5833": {
							"vector": [0, 0, 0]
						},
						"0.8333": {
							"vector": [10, 0, 0]
						}
					},
					"position": {
						"0.0": {
							"vector": [0, 0, 1]
						},
						"0.1667": {
							"vector": [0, 1, 0]
						},
						"0.375": {
							"vector": [0, 1, 0]
						},
						"0.5833": {
							"vector": [0, -1, 0]
						},
						"0.8333": {
							"vector": [0, 0, 1]
						}
					}
				},
				"bipedRightHindLeg": {
					"rotation": {
						"0.0": {
							"vector": [3.33, 0, 0]
						},
						"0.1667": {
							"vector": [-10.83, 0, 0]
						},
						"0.25": {
							"vector": [-32.5, 0, 0]
						},
						"0.4583": {
							"vector": [0, 0, 0]
						},
						"0.6667": {
							"vector": [10, 0, 0]
						},
						"0.8333": {
							"vector": [3.33, 0, 0]
						}
					},
					"position": {
						"0.0": {
							"vector": [0, 0.67, 0.33]
						},
						"0.1667": {
							"vector": [0, 1, 0]
						},
						"0.25": {
							"vector": [0, 1, 0]
						},
						"0.4583": {
							"vector": [0, -1, 0]
						},
						"0.6667": {
							"vector": [0, 0, 1]
						},
						"0.8333": {
							"vector": [0, 0.67, 0.33]
						}
					}
				},
				"body": {
					"rotation": {
						"vector": [5, 0, 0]
					},
					"position": {
						"0.0": {
							"vector": [0, 0, 0]
						},
						"0.1667": {
							"vector": [0, -0.66, 0]
						},
						"0.2917": {
							"vector": [0, -0.33, 0]
						},
						"0.4583": {
							"vector": [0, 1, 0]
						},
						"0.8333": {
							"vector": [0, 0, 0]
						}
					}
				}
			}
		}
	}
}