{
	"format_version": "1.8.0",
	"animations": {
		"spider_3_swim_idle": {
			"loop": true,
			"animation_length": 1,
			"bones": {
				"torso": {
					"rotation": {
						"0.0": {
							"vector": [5.019, -4.98093, -0.43688]
						},
						"0.25": {
							"vector": [5, 0, 0]
						},
						"0.5": {
							"vector": [5.019, 4.98093, 0.43688]
						},
						"0.7083": {
							"vector": [5, 0, 0]
						},
						"1.0": {
							"vector": [5.019, -4.98093, -0.43688]
						}
					},
					"position": {
						"vector": [0, 0, 0]
					}
				},
				"rightArm": {
					"rotation": {
						"0.0": {
							"vector": [-9.62165, -4.98093, 11.3178]
						},
						"0.25": {
							"vector": [-9.62165, -4.98093, 28.8178]
						},
						"0.6667": {
							"vector": [-9.62165, -4.98093, 0.48446]
						},
						"1.0": {
							"vector": [-9.62165, -4.98093, 11.3178]
						}
					},
					"position": {
						"0.0": {
							"vector": [0, 0, 1]
						},
						"1.0": {
							"vector": [0, 0, 1]
						}
					}
				},
				"leftArm": {
					"rotation": {
						"0.0": {
							"vector": [-9.62165, 4.98093, -11.3178]
						},
						"0.3333": {
							"vector": [-9.62165, 4.98093, -28.8178]
						},
						"0.75": {
							"vector": [-9.62165, 4.98093, -0.48446]
						},
						"1.0": {
							"vector": [-9.62165, 4.98093, -11.3178]
						}
					},
					"position": {
						"0.0": {
							"vector": [0, 0, 1]
						},
						"1.0": {
							"vector": [0, 0, 1]
						}
					}
				},
				"rightLeg": {
					"rotation": {
						"0.0": {
							"vector": [15, 0, 10]
						},
						"0.5": {
							"vector": [-32.5, 0, 10]
						},
						"0.7083": {
							"vector": [0, 0, 10]
						},
						"1.0": {
							"vector": [15, 0, 10]
						}
					},
					"position": {
						"0.0": {
							"vector": [0, 0, 0]
						},
						"0.5": {
							"vector": [0, 0, 0]
						},
						"0.7083": {
							"vector": [0, -1, 0]
						},
						"1.0": {
							"vector": [0, 0, 0]
						}
					}
				},
				"leftLeg": {
					"rotation": {
						"0.0": {
							"vector": [-32.5, 0, -10]
						},
						"0.25": {
							"vector": [0, 0, -10]
						},
						"0.5": {
							"vector": [15, 0, -10]
						},
						"1.0": {
							"vector": [-32.5, 0, -10]
						}
					},
					"position": {
						"0.0": {
							"vector": [0, 0, 0]
						},
						"0.25": {
							"vector": [0, -1, 0]
						},
						"0.5": {
							"vector": [0, 0, 0]
						},
						"1.0": {
							"vector": [0, 0, 0]
						}
					}
				},
				"bipedLeftHindLeg": {
					"rotation": {
						"0.0": {
							"vector": [10, 0, 0]
						},
						"0.5": {
							"vector": [-32.5, 0, 0]
						},
						"1.0": {
							"vector": [10, 0, 0]
						}
					},
					"position": {
						"0.0": {
							"vector": [0, 0, 0]
						},
						"0.5": {
							"vector": [0, 2, 0]
						},
						"1.0": {
							"vector": [0, 0, 0]
						}
					}
				},
				"bipedRightHindLeg": {
					"rotation": {
						"0.0": {
							"vector": [-32.5, 0, 0]
						},
						"0.5": {
							"vector": [10, 0, 0]
						},
						"1.0": {
							"vector": [-32.5, 0, 0]
						}
					},
					"position": {
						"0.0": {
							"vector": [0, 2, 0]
						},
						"0.5": {
							"vector": [0, 0, 0]
						},
						"1.0": {
							"vector": [0, 2, 0]
						}
					}
				},
				"body": {
					"rotation": {
						"vector": [0, 0, 0]
					},
					"position": {
						"0.0": {
							"vector": [0, 0.2, 0]
						},
						"0.125": {
							"vector": [0, 0.5, 0]
						},
						"0.4167": {
							"vector": [0, 0, 0]
						},
						"0.6667": {
							"vector": [0, 0.5, 0]
						},
						"0.9167": {
							"vector": [0, 0, 0]
						},
						"1.0": {
							"vector": [0, 0.2, 0]
						}
					}
				}
			}
		}
	}
}