{
	"format_version": "1.8.0",
	"animations": {
		"spider_3_walk": {
			"loop": true,
			"animation_length": 0.7083,
			"bones": {
				"torso": {
					"rotation": {
						"0.0": {
							"vector": [5.019, -4.98093, -0.43688]
						},
						"0.1667": {
							"vector": [5, 0, 0]
						},
						"0.3333": {
							"vector": [5.019, 4.98093, 0.43688]
						},
						"0.5": {
							"vector": [5, 0, 0]
						},
						"0.7083": {
							"vector": [5.019, -4.98093, -0.43688]
						}
					},
					"position": {
						"vector": [0, 0, 0]
					}
				},
				"rightArm": {
					"rotation": {
						"0.0": {
							"vector": [-39.62165, -4.98093, -8.6822]
						},
						"0.3333": {
							"vector": [-9.62165, -4.98093, -8.6822]
						},
						"0.7083": {
							"vector": [-39.62165, -4.98093, -8.6822]
						}
					},
					"position": {
						"0.0": {
							"vector": [0, 0, 0]
						},
						"0.3333": {
							"vector": [0, 0, 1]
						},
						"0.7083": {
							"vector": [0, 0, 0]
						}
					}
				},
				"leftArm": {
					"rotation": {
						"0.0": {
							"vector": [-9.62165, 4.98093, 8.6822]
						},
						"0.3333": {
							"vector": [-39.62165, 4.98093, 8.6822]
						},
						"0.7083": {
							"vector": [-9.62165, 4.98093, 8.6822]
						}
					},
					"position": {
						"0.0": {
							"vector": [0, 0, 1]
						},
						"0.3333": {
							"vector": [0, 0, 0]
						},
						"0.7083": {
							"vector": [0, 0, 1]
						}
					}
				},
				"rightLeg": {
					"rotation": {
						"0.0": {
							"vector": [15, 0, 0]
						},
						"0.1667": {
							"vector": [-10, 0, 0]
						},
						"0.3333": {
							"vector": [-32.5, 0, 0]
						},
						"0.5": {
							"vector": [0, 0, 0]
						},
						"0.7083": {
							"vector": [15, 0, 0]
						}
					},
					"position": {
						"0.0": {
							"vector": [0, 0, 0]
						},
						"0.1667": {
							"vector": [0, 1, 0]
						},
						"0.3333": {
							"vector": [0, 0, 0]
						},
						"0.5": {
							"vector": [0, -1, 0]
						},
						"0.7083": {
							"vector": [0, 0, 0]
						}
					}
				},
				"leftLeg": {
					"rotation": {
						"0.0": {
							"vector": [-32.5, 0, 0]
						},
						"0.1667": {
							"vector": [0, 0, 0]
						},
						"0.3333": {
							"vector": [15, 0, 0]
						},
						"0.5": {
							"vector": [-10, 0, 0]
						},
						"0.7083": {
							"vector": [-32.5, 0, 0]
						}
					},
					"position": {
						"0.0": {
							"vector": [0, 0, 0]
						},
						"0.1667": {
							"vector": [0, -1, 0]
						},
						"0.3333": {
							"vector": [0, 0, 0]
						},
						"0.5": {
							"vector": [0, 1, 0]
						},
						"0.7083": {
							"vector": [0, 0, 0]
						}
					}
				},
				"bipedLeftHindLeg": {
					"rotation": {
						"0.0": {
							"vector": [10, 0, 0]
						},
						"0.1667": {
							"vector": [0, 0, 0]
						},
						"0.3333": {
							"vector": [-32.5, 0, 0]
						},
						"0.4583": {
							"vector": [-31.25, 0, 0]
						},
						"0.5833": {
							"vector": [0, 0, 0]
						},
						"0.7083": {
							"vector": [10, 0, 0]
						}
					},
					"position": {
						"0.0": {
							"vector": [0, 0, 0]
						},
						"0.1667": {
							"vector": [0, 1, 0]
						},
						"0.3333": {
							"vector": [0, 2, 0]
						},
						"0.4583": {
							"vector": [0, 0.2, 0]
						},
						"0.5833": {
							"vector": [0, -1, 0]
						},
						"0.7083": {
							"vector": [0, 0, 0]
						}
					}
				},
				"bipedRightHindLeg": {
					"rotation": {
						"0.0": {
							"vector": [-32.5, 0, 0]
						},
						"0.0833": {
							"vector": [-31.25, 0, 0]
						},
						"0.2083": {
							"vector": [0, 0, 0]
						},
						"0.3333": {
							"vector": [10, 0, 0]
						},
						"0.5": {
							"vector": [0, 0, 0]
						},
						"0.7083": {
							"vector": [-32.5, 0, 0]
						}
					},
					"position": {
						"0.0": {
							"vector": [0, 2, 0]
						},
						"0.0833": {
							"vector": [0, 0.2, 0]
						},
						"0.2083": {
							"vector": [0, -1, 0]
						},
						"0.3333": {
							"vector": [0, 0, 0]
						},
						"0.5": {
							"vector": [0, 1, 0]
						},
						"0.7083": {
							"vector": [0, 2, 0]
						}
					}
				},
				"body": {
					"rotation": {
						"vector": [0, 0, 0]
					},
					"position": {
						"0.0": {
							"vector": [0, 0.2, 0]
						},
						"0.0833": {
							"vector": [0, 0.5, 0]
						},
						"0.2917": {
							"vector": [0, 0, 0]
						},
						"0.4583": {
							"vector": [0, 0.5, 0]
						},
						"0.625": {
							"vector": [0, 0, 0]
						},
						"0.7083": {
							"vector": [0, 0.2, 0]
						}
					}
				}
			}
		}
	}
}